Date,Stock,Direction,EntryTime,EntryPrice,Qty,ExitTime,ExitPrice,PnL,Return,ExitType
2025-08-01,CHALET,SHORT,2025-08-01 11:26:00,956.0,1046,2025-08-01 11:29:00,953.39725,2722.476500000015,0.002722476500000015,TrailingSL
2025-08-01,HINDUNILVR,SHORT,2025-08-01 11:30:00,2556.1,391,2025-08-01 14:45:00,2555.92675,67.74074999993172,6.774074999993172e-05,TrailingSL
2025-08-01,SUZLON,LONG,2025-08-01 11:35:00,64.88,15413,2025-08-01 12:02:00,65.20725,5043.9042500001,0.0050439042500001,TrailingSL
2025-08-01,CHAMBLFERT,SHORT,2025-08-01 11:37:00,524.1,1908,2025-08-01 14:31:00,523.950375,285.48450000002777,0.0002854845000000278,TrailingSL
2025-08-01,CHALET,SHORT,2025-08-01 11:40:00,950.0,1052,2025-08-01 11:40:00,948.611625,1460.5704999999962,0.0014605704999999963,TrailingSL
2025-08-01,NETWEB,LONG,2025-08-01 11:46:00,2254.7,443,2025-08-01 11:51:00,2243.4265,-4994.160499999905,-0.004994160499999905,StopLoss
2025-08-01,CHALET,SHORT,2025-08-01 11:46:00,938.65,1065,2025-08-01 11:50:00,943.3432499999999,-4998.311249999916,-0.004998311249999916,StopLoss
2025-08-01,CHALET,SHORT,2025-08-01 11:59:00,938.5,1065,2025-08-01 12:13:00,939.9975000000001,-1594.8375000000628,-0.0015948375000000628,TrailingSL
2025-08-01,SUZLON,LONG,2025-08-01 12:18:00,65.3,15313,2025-08-01 12:59:00,65.495075,2987.1834750000426,0.0029871834750000424,TrailingSL
2025-08-01,CHALET,SHORT,2025-08-01 12:39:00,948.0,1054,2025-08-01 12:49:00,949.619125,-1706.5577500000566,-0.0017065577500000565,TrailingSL
2025-08-01,CHALET,SHORT,2025-08-01 12:56:00,946.15,1056,2025-08-01 13:09:00,944.0275,2241.3599999999424,0.0022413599999999423,TrailingSL
2025-08-01,EICHERMOT,LONG,2025-08-01 12:56:00,5593.0,178,2025-08-01 13:37:00,5586.28625,-1195.0474999999806,-0.0011950474999999805,TrailingSL
2025-08-01,SUZLON,LONG,2025-08-01 13:17:00,65.7,15220,2025-08-01 14:15:00,66.299,9116.780000000057,0.009116780000000057,TrailingSL
2025-08-01,CHALET,SHORT,2025-08-01 13:28:00,940.1,1063,2025-08-01 13:33:00,935.9675000000001,4392.847499999933,0.004392847499999932,TrailingSL
2025-08-01,CHALET,SHORT,2025-08-01 13:39:00,925.65,1080,2025-08-01 13:51:00,930.2782499999998,-4998.509999999856,-0.004998509999999855,StopLoss
2025-08-01,CHALET,SHORT,2025-08-01 13:56:00,928.5,1077,2025-08-01 14:03:00,923.625625,5249.701874999985,0.0052497018749999855,TrailingSL
2025-08-01,CHALET,SHORT,2025-08-01 14:09:00,916.2,1091,2025-08-01 14:16:00,912.5935000000001,3934.6914999999813,0.003934691499999981,TrailingSL
2025-08-01,SUZLON,LONG,2025-08-01 14:35:00,66.24,15096,2025-08-01 15:06:00,66.1005,-2105.8919999999725,-0.0021058919999999725,TrailingSL
2025-08-01,CHALET,SHORT,2025-08-01 14:37:00,910.65,1098,2025-08-01 14:42:00,898.8915000000001,12910.832999999904,0.012910832999999905,TrailingSL
2025-08-01,JSWENERGY,SHORT,2025-08-01 14:52:00,511.85,1953,2025-08-01 15:25:00,514.4092499999999,-4998.215249999817,-0.004998215249999817,StopLoss
2025-08-01,CHAMBLFERT,SHORT,2025-08-01 15:03:00,519.0,1926,2025-08-01 15:15:00,518.912875,167.80275000002803,0.00016780275000002803,TrailingSL
2025-08-01,CHALET,SHORT,2025-08-01 15:07:00,904.1,1106,2025-08-01 15:07:00,908.6204999999999,-4999.672999999841,-0.004999672999999841,StopLoss
2025-08-01,CHALET,SHORT,2025-08-01 15:16:00,886.3,1128,2025-08-01 15:16:00,878.5400000000001,8753.27999999986,0.00875327999999986,TrailingSL
2025-08-04,ABB,SHORT,2025-08-04 11:27:00,5086.5,196,2025-08-04 11:27:00,5111.9325,-4984.769999999979,-0.004984769999999979,StopLoss
2025-08-04,ABB,SHORT,2025-08-04 11:36:00,5071.5,197,2025-08-04 12:09:00,5052.10875,3820.0762499999355,0.0038200762499999356,TrailingSL
2025-08-04,PNBHOUSING,SHORT,2025-08-04 11:36:00,775.15,1290,2025-08-04 12:07:00,779.0257499999999,-4999.717499999904,-0.004999717499999904,StopLoss
2025-08-04,UPL,LONG,2025-08-04 11:42:00,709.1,1410,2025-08-04 11:56:00,705.5545000000001,-4999.154999999926,-0.004999154999999926,StopLoss
2025-08-04,FEDERALBNK,LONG,2025-08-04 11:44:00,195.87,5105,2025-08-04 15:29:00,196.3,2195.1500000000347,0.0021951500000000346,EOD_SquareOff
2025-08-04,DELHIVERY,LONG,2025-08-04 11:56:00,455.0,2197,2025-08-04 13:00:00,454.565,-955.6950000000049,-0.000955695000000005,TrailingSL
2025-08-04,MCX,LONG,2025-08-04 12:07:00,8016.0,124,2025-08-04 13:28:00,7999.55,-2039.7999999999774,-0.0020397999999999775,TrailingSL
2025-08-04,TATAPOWER,LONG,2025-08-04 12:37:00,386.7,2585,2025-08-04 14:36:00,386.82687500000003,327.9718750001058,0.00032797187500010577,TrailingSL
2025-08-04,UPL,LONG,2025-08-04 12:37:00,710.55,1407,2025-08-04 14:24:00,714.0541250000001,4930.303875000222,0.004930303875000222,TrailingSL
2025-08-04,DELHIVERY,LONG,2025-08-04 13:40:00,456.45,2190,2025-08-04 15:15:00,460.470375,8804.621250000004,0.008804621250000004,TrailingSL
2025-08-04,SARDAEN,LONG,2025-08-04 15:16:00,527.15,1896,2025-08-04 15:29:00,527.15,0.0,0.0,EOD_SquareOff
2025-08-04,DELHIVERY,LONG,2025-08-04 15:17:00,462.25,2163,2025-08-04 15:29:00,461.0,-2703.75,-0.00270375,EOD_SquareOff
2025-08-04,JIOFIN,LONG,2025-08-04 15:26:00,335.0,2985,2025-08-04 15:29:00,334.55,-1343.2499999999661,-0.0013432499999999662,EOD_SquareOff
2025-08-05,GODFRYPHLP,LONG,2025-08-05 11:26:00,9881.5,101,2025-08-05 11:44:00,9832.0925,-4990.157499999934,-0.004990157499999934,StopLoss
2025-08-05,M&M,LONG,2025-08-05 11:27:00,3200.9,312,2025-08-05 14:15:00,3197.835,-956.280000000017,-0.000956280000000017,TrailingSL
2025-08-05,RELIANCE,SHORT,2025-08-05 11:31:00,1395.7,716,2025-08-05 15:29:00,1390.0,4081.2000000000326,0.004081200000000032,EOD_SquareOff
2025-08-05,GODFRYPHLP,LONG,2025-08-05 11:46:00,9881.5,101,2025-08-05 15:20:00,9832.0925,-4990.157499999934,-0.004990157499999934,StopLoss
2025-08-05,JIOFIN,SHORT,2025-08-05 11:56:00,333.4,2999,2025-08-05 15:29:00,332.65,2249.25,0.00224925,EOD_SquareOff
2025-08-05,SARDAEN,LONG,2025-08-05 13:16:00,545.8,1832,2025-08-05 13:20:00,550.2916250000001,8228.657000000207,0.008228657000000207,TrailingSL
2025-08-05,PAYTM,SHORT,2025-08-05 13:26:00,1056.8,946,2025-08-05 13:40:00,1057.875,-1016.950000000043,-0.0010169500000000431,TrailingSL
2025-08-05,KAYNES,SHORT,2025-08-05 14:48:00,6311.0,158,2025-08-05 15:19:00,6342.554999999999,-4985.689999999902,-0.004985689999999902,StopLoss
2025-08-05,GODFRYPHLP,LONG,2025-08-05 15:26:00,9881.5,101,2025-08-05 15:29:00,9881.5,0.0,0.0,EOD_SquareOff
2025-08-05,M&M,LONG,2025-08-05 15:28:00,3215.6,310,2025-08-05 15:29:00,3213.0,-805.9999999999718,-0.0008059999999999718,EOD_SquareOff
2025-08-06,WAAREEENER,LONG,2025-08-06 11:31:00,3220.0,310,2025-08-06 12:34:00,3222.94525,913.0275000000665,0.0009130275000000666,TrailingSL
2025-08-06,BHARTIARTL,SHORT,2025-08-06 11:32:00,1931.7,517,2025-08-06 15:29:00,1924.0,3980.9000000000233,0.003980900000000023,EOD_SquareOff
2025-08-06,BEL,SHORT,2025-08-06 11:36:00,387.25,2582,2025-08-06 12:18:00,389.18625,-4999.39749999993,-0.00499939749999993,StopLoss
2025-08-06,GODFRYPHLP,LONG,2025-08-06 11:37:00,10700.0,93,2025-08-06 12:07:00,10773.5875,6843.637499999966,0.006843637499999966,TrailingSL
2025-08-06,HDFCBANK,LONG,2025-08-06 11:46:00,1979.8,505,2025-08-06 15:29:00,1987.0,3636.0000000000227,0.003636000000000023,EOD_SquareOff
2025-08-06,LUPIN,SHORT,2025-08-06 11:46:00,1843.1,542,2025-08-06 12:02:00,1852.3154999999997,-4994.800999999888,-0.004994800999999887,StopLoss
2025-08-06,BSE,SHORT,2025-08-06 11:47:00,2284.0,437,2025-08-06 12:01:00,2295.4199999999996,-4990.5399999998335,-0.004990539999999833,StopLoss
2025-08-06,NEWGEN,SHORT,2025-08-06 11:58:00,932.7,1072,2025-08-06 12:01:00,937.3634999999999,-4999.271999999877,-0.004999271999999877,StopLoss
2025-08-06,BSE,LONG,2025-08-06 12:06:00,2397.2,417,2025-08-06 12:06:00,2396.8875000000003,-130.31249999981037,-0.00013031249999981038,TrailingSL
2025-08-06,BSE,LONG,2025-08-06 12:23:00,2420.5,413,2025-08-06 12:37:00,2408.3975,-4998.332499999985,-0.004998332499999985,StopLoss
2025-08-06,GODFRYPHLP,LONG,2025-08-06 12:41:00,10824.0,92,2025-08-06 15:29:00,10861.5,3450.0,0.00345,EOD_SquareOff
2025-08-06,BSE,LONG,2025-08-06 12:46:00,2417.2,413,2025-08-06 12:51:00,2405.114,-4991.517999999911,-0.004991517999999911,StopLoss
2025-08-06,BSE,LONG,2025-08-06 13:16:00,2404.4,415,2025-08-06 13:24:00,2392.378,-4989.129999999973,-0.004989129999999973,StopLoss
2025-08-06,WAAREEENER,LONG,2025-08-06 13:20:00,3214.8,311,2025-08-06 14:33:00,3198.726,-4999.014000000021,-0.004999014000000021,StopLoss
2025-08-06,BSE,LONG,2025-08-06 13:37:00,2398.2,416,2025-08-06 15:11:00,2386.209,-4988.255999999994,-0.004988255999999994,StopLoss
2025-08-06,WAAREEENER,LONG,2025-08-06 15:11:00,3222.7,310,2025-08-06 15:29:00,3206.5865,-4995.184999999979,-0.004995184999999978,StopLoss
2025-08-06,INFY,SHORT,2025-08-06 15:26:00,1433.0,697,2025-08-06 15:29:00,1433.0,0.0,0.0,EOD_SquareOff
2025-08-07,BHEL,SHORT,2025-08-07 11:26:00,224.2,4460,2025-08-07 11:53:00,225.32099999999997,-4999.659999999914,-0.0049996599999999145,StopLoss
2025-08-07,KOTAKBANK,LONG,2025-08-07 11:31:00,1985.2,503,2025-08-07 15:29:00,1994.2,4527.0,0.004527,EOD_SquareOff
2025-08-07,SARDAEN,SHORT,2025-08-07 11:32:00,562.0,1779,2025-08-07 11:38:00,563.041375,-1852.6061250000291,-0.0018526061250000291,TrailingSL
2025-08-07,ETERNAL,LONG,2025-08-07 11:37:00,299.65,3337,2025-08-07 12:00:00,298.15175,-4999.660249999948,-0.004999660249999948,StopLoss
2025-08-07,SARDAEN,SHORT,2025-08-07 11:50:00,561.65,1780,2025-08-07 12:32:00,560.7745000000001,1558.3899999997766,0.0015583899999997766,TrailingSL
2025-08-07,GODFRYPHLP,SHORT,2025-08-07 12:06:00,10171.5,98,2025-08-07 13:03:00,9968.07,19936.14000000003,0.01993614000000003,Target
2025-08-07,SARDAEN,SHORT,2025-08-07 13:18:00,562.15,1778,2025-08-07 13:45:00,562.1850000000001,-62.23000000014554,-6.223000000014553e-05,TrailingSL
2025-08-07,GODFRYPHLP,SHORT,2025-08-07 13:20:00,9996.0,100,2025-08-07 13:37:00,9923.875,7212.5,0.0072125,TrailingSL
2025-08-07,LUPIN,LONG,2025-08-07 13:46:00,1925.0,519,2025-08-07 15:21:00,1938.0547500000002,6775.415250000125,0.006775415250000125,TrailingSL
2025-08-07,GODFRYPHLP,SHORT,2025-08-07 13:47:00,9878.5,101,2025-08-07 13:59:00,9927.892499999998,-4988.642499999809,-0.004988642499999809,StopLoss
2025-08-07,ETERNAL,LONG,2025-08-07 14:16:00,299.55,3338,2025-08-07 14:22:00,298.05225,-4999.489499999988,-0.004999489499999988,StopLoss
2025-08-07,ETERNAL,LONG,2025-08-07 15:13:00,302.0,3311,2025-08-07 15:29:00,302.95,3145.4499999999625,0.0031454499999999624,EOD_SquareOff
2025-08-08,TITAN,LONG,2025-08-08 11:26:00,3470.0,288,2025-08-08 12:38:00,3463.6265000000003,-1835.567999999912,-0.001835567999999912,TrailingSL
2025-08-08,HDFCBANK,SHORT,2025-08-08 11:27:00,1975.1,506,2025-08-08 15:29:00,1972.0,1568.599999999954,0.0015685999999999539,EOD_SquareOff
2025-08-08,CUMMINSIND,LONG,2025-08-08 11:28:00,3801.0,263,2025-08-08 12:22:00,3877.02,19993.259999999995,0.019993259999999995,Target
2025-08-08,KALYANKJIL,SHORT,2025-08-08 11:29:00,545.0,1834,2025-08-08 11:38:00,545.813125,-1491.271250000025,-0.001491271250000025,TrailingSL
2025-08-08,KALYANKJIL,SHORT,2025-08-08 11:48:00,544.2,1837,2025-08-08 12:52:00,540.92675,6012.960250000138,0.006012960250000138,TrailingSL
2025-08-08,CUMMINSIND,LONG,2025-08-08 12:26:00,3887.8,257,2025-08-08 12:29:00,3868.3610000000003,-4995.822999999962,-0.004995822999999962,StopLoss
2025-08-08,AUBANK,SHORT,2025-08-08 12:36:00,750.5,1332,2025-08-08 15:29:00,736.0,19314.0,0.019314,EOD_SquareOff
2025-08-08,TITAN,LONG,2025-08-08 12:56:00,3474.9,287,2025-08-08 15:03:00,3457.5255,-4986.481499999971,-0.004986481499999971,StopLoss
2025-08-08,CUMMINSIND,LONG,2025-08-08 12:56:00,3861.8,258,2025-08-08 13:29:00,3842.491,-4981.722000000051,-0.00498172200000005,StopLoss
2025-08-08,ETERNAL,LONG,2025-08-08 12:56:00,302.0,3311,2025-08-08 15:28:00,300.49,-4999.60999999997,-0.0049996099999999695,StopLoss
2025-08-08,BHARTIARTL,LONG,2025-08-08 13:01:00,1874.7,533,2025-08-08 14:08:00,1865.3265000000001,-4996.075499999958,-0.004996075499999958,StopLoss
2025-08-08,KALYANKJIL,SHORT,2025-08-08 13:09:00,540.75,1849,2025-08-08 14:12:00,543.4537499999999,-4999.233749999815,-0.0049992337499998145,StopLoss
2025-08-08,COFORGE,SHORT,2025-08-08 13:28:00,1610.4,620,2025-08-08 15:29:00,1606.9,2170.0,0.00217,EOD_SquareOff
2025-08-08,KALYANKJIL,SHORT,2025-08-08 14:56:00,536.55,1863,2025-08-08 15:00:00,539.2327499999999,-4997.963249999892,-0.004997963249999892,StopLoss
2025-08-08,KALYANKJIL,SHORT,2025-08-08 15:06:00,531.85,1880,2025-08-08 15:10:00,519.416625,23374.74500000013,0.02337474500000013,TrailingSL
2025-08-08,BHARTIARTL,SHORT,2025-08-08 15:19:00,1856.9,538,2025-08-08 15:29:00,1859.0,-1129.799999999951,-0.001129799999999951,EOD_SquareOff
2025-08-11,SBIN,LONG,2025-08-11 11:26:00,823.0,1215,2025-08-11 15:29:00,821.0,-2430.0,-0.00243,EOD_SquareOff
2025-08-11,BSE,LONG,2025-08-11 11:26:00,2398.3,416,2025-08-11 11:52:00,2386.3085,-4988.464000000036,-0.004988464000000036,StopLoss
2025-08-11,TATAMOTORS,LONG,2025-08-11 11:27:00,652.6,1532,2025-08-11 11:43:00,649.337,-4998.916000000052,-0.004998916000000052,StopLoss
2025-08-11,HBLENGINE,LONG,2025-08-11 11:31:00,678.45,1473,2025-08-11 11:34:00,675.05775,-4996.784249999985,-0.004996784249999985,StopLoss
2025-08-11,PGEL,SHORT,2025-08-11 11:36:00,497.0,2012,2025-08-11 11:49:00,495.23662500000006,3547.910499999878,0.003547910499999878,TrailingSL
2025-08-11,CDSL,SHORT,2025-08-11 11:39:00,1551.0,644,2025-08-11 12:17:00,1558.7549999999999,-4994.219999999924,-0.004994219999999924,StopLoss
2025-08-11,TATAMOTORS,LONG,2025-08-11 12:01:00,649.4,1539,2025-08-11 15:29:00,654.0,7079.400000000035,0.007079400000000035,EOD_SquareOff
2025-08-11,PGEL,SHORT,2025-08-11 12:14:00,493.0,2028,2025-08-11 12:21:00,491.0555,3943.44600000001,0.00394344600000001,TrailingSL
2025-08-11,HBLENGINE,LONG,2025-08-11 12:20:00,679.7,1471,2025-08-11 12:26:00,676.3015,-4999.1935000000185,-0.004999193500000019,StopLoss
2025-08-11,PGEL,SHORT,2025-08-11 12:41:00,487.8,2050,2025-08-11 12:41:00,490.239,-4999.949999999927,-0.004999949999999927,StopLoss
2025-08-11,PGEL,SHORT,2025-08-11 12:47:00,486.25,2056,2025-08-11 12:49:00,488.6812499999999,-4998.649999999836,-0.0049986499999998355,StopLoss
2025-08-11,HBLENGINE,LONG,2025-08-11 12:58:00,676.95,1477,2025-08-11 13:13:00,673.56525,-4999.275750000079,-0.004999275750000079,StopLoss
2025-08-11,BSE,LONG,2025-08-11 13:01:00,2416.0,413,2025-08-11 13:23:00,2403.92,-4989.03999999997,-0.00498903999999997,StopLoss
2025-08-11,HBLENGINE,LONG,2025-08-11 13:16:00,678.0,1474,2025-08-11 13:22:00,677.38125,-912.0374999999665,-0.0009120374999999664,TrailingSL
2025-08-11,HBLENGINE,LONG,2025-08-11 13:27:00,683.5,1463,2025-08-11 13:33:00,680.0825,-4999.802500000027,-0.004999802500000027,StopLoss
2025-08-11,RELIANCE,LONG,2025-08-11 13:56:00,1375.9,726,2025-08-11 15:29:00,1384.7,6388.7999999999665,0.006388799999999966,EOD_SquareOff
2025-08-11,HBLENGINE,LONG,2025-08-11 14:36:00,688.7,1452,2025-08-11 14:37:00,685.2565000000001,-4999.9619999999595,-0.004999961999999959,StopLoss
2025-08-11,VOLTAS,LONG,2025-08-11 14:36:00,1244.6,803,2025-08-11 15:29:00,1240.0,-3693.799999999927,-0.003693799999999927,EOD_SquareOff
2025-08-11,HBLENGINE,LONG,2025-08-11 14:47:00,691.0,1447,2025-08-11 14:49:00,687.545,-4999.385000000059,-0.004999385000000059,StopLoss
2025-08-11,KALYANKJIL,LONG,2025-08-11 15:16:00,543.4,1840,2025-08-11 15:19:00,540.683,-4999.279999999972,-0.004999279999999971,StopLoss
2025-08-12,JMFINANCIL,SHORT,2025-08-12 11:26:00,160.3,6238,2025-08-12 11:48:00,159.7895,3184.4990000000466,0.0031844990000000468,TrailingSL
2025-08-12,HAL,SHORT,2025-08-12 11:27:00,4330.0,230,2025-08-12 12:02:00,4351.65,-4979.499999999916,-0.004979499999999916,StopLoss
2025-08-12,HBLENGINE,LONG,2025-08-12 11:35:00,707.9,1412,2025-08-12 12:47:00,704.3605,-4997.773999999965,-0.004997773999999965,StopLoss
2025-08-12,ASTRAL,SHORT,2025-08-12 11:46:00,1278.7,782,2025-08-12 15:29:00,1266.0,9931.400000000036,0.009931400000000036,EOD_SquareOff
2025-08-12,JMFINANCIL,SHORT,2025-08-12 11:56:00,158.6,6305,2025-08-12 12:00:00,159.39299999999997,-4999.864999999861,-0.00499986499999986,StopLoss
2025-08-12,LT,LONG,2025-08-12 12:26:00,3709.4,269,2025-08-12 15:02:00,3690.853,-4989.143000000007,-0.0049891430000000075,StopLoss
2025-08-12,TITAGARH,LONG,2025-08-12 14:22:00,804.4,1243,2025-08-12 14:55:00,802.8828750000001,-1885.7863749998146,-0.0018857863749998146,TrailingSL
2025-08-12,HAL,LONG,2025-08-12 14:26:00,4469.5,223,2025-08-12 14:26:00,4447.1525,-4983.492499999968,-0.004983492499999968,StopLoss
2025-08-12,HINDALCO,LONG,2025-08-12 14:27:00,674.1,1483,2025-08-12 14:31:00,670.7295,-4998.451499999989,-0.0049984514999999894,StopLoss
2025-08-14,BSE,SHORT,2025-08-14 11:26:00,2461.8,406,2025-08-14 11:37:00,2474.109,-4997.453999999895,-0.004997453999999895,StopLoss
2025-08-14,VMM,SHORT,2025-08-14 11:26:00,146.05,6846,2025-08-14 12:02:00,146.78025,-4999.291499999889,-0.004999291499999889,StopLoss
2025-08-14,JUBLFOOD,SHORT,2025-08-14 11:26:00,635.95,1572,2025-08-14 12:32:00,639.12975,-4998.566999999841,-0.004998566999999841,StopLoss
2025-08-14,HBLENGINE,LONG,2025-08-14 11:32:00,774.85,1290,2025-08-14 11:34:00,770.9757500000001,-4997.782499999949,-0.0049977824999999495,StopLoss
2025-08-14,BPCL,SHORT,2025-08-14 11:38:00,319.65,3128,2025-08-14 15:29:00,318.0,5161.199999999929,0.005161199999999929,EOD_SquareOff
2025-08-14,HBLENGINE,LONG,2025-08-14 11:48:00,769.4,1299,2025-08-14 11:48:00,765.553,-4997.252999999974,-0.004997252999999974,StopLoss
2025-08-14,HBLENGINE,LONG,2025-08-14 11:59:00,776.05,1288,2025-08-14 11:59:00,775.1425,-1168.8599999998887,-0.0011688599999998886,TrailingSL
2025-08-14,HDFCBANK,LONG,2025-08-14 12:06:00,1992.0,502,2025-08-14 15:29:00,1989.2,-1405.5999999999772,-0.0014055999999999771,EOD_SquareOff
2025-08-14,NAUKRI,LONG,2025-08-14 13:28:00,1369.0,730,2025-08-14 14:49:00,1375.10875,4459.3875000000735,0.004459387500000074,TrailingSL
2025-08-14,JUBLFOOD,SHORT,2025-08-14 14:06:00,631.05,1584,2025-08-14 15:29:00,632.0,-1504.800000000072,-0.0015048000000000721,EOD_SquareOff
2025-08-18,BAJFINANCE,LONG,2025-08-18 11:27:00,914.5,1093,2025-08-18 12:33:00,909.9275,-4997.74249999999,-0.0049977424999999905,StopLoss
2025-08-18,MARUTI,LONG,2025-08-18 11:29:00,14010.0,71,2025-08-18 12:13:00,14019.0625,643.4375,0.0006434375,TrailingSL
2025-08-18,AMBER,LONG,2025-08-18 11:41:00,7446.0,134,2025-08-18 12:06:00,7430.847500000001,-2030.4349999998976,-0.002030434999999898,TrailingSL
2025-08-18,BAJAJ-AUTO,SHORT,2025-08-18 11:46:00,8510.0,117,2025-08-18 13:06:00,8552.55,-4978.349999999915,-0.0049783499999999144,StopLoss
2025-08-18,M&M,LONG,2025-08-18 11:48:00,3415.0,292,2025-08-18 14:36:00,3397.925,-4985.899999999947,-0.004985899999999947,StopLoss
2025-08-18,MARUTI,LONG,2025-08-18 12:26:00,14048.0,71,2025-08-18 15:29:00,14090.0,2982.0,0.002982,EOD_SquareOff
2025-08-18,ETERNAL,SHORT,2025-08-18 12:36:00,315.6,3168,2025-08-18 15:29:00,314.1,4752.0,0.004752,EOD_SquareOff
2025-08-18,BAJFINANCE,LONG,2025-08-18 13:01:00,915.75,1092,2025-08-18 13:32:00,911.17125,-4999.995000000015,-0.004999995000000016,StopLoss
2025-08-18,BAJAJ-AUTO,LONG,2025-08-18 13:18:00,8585.0,116,2025-08-18 15:29:00,8592.0,812.0,0.000812,EOD_SquareOff
2025-08-18,ADANIPORTS,LONG,2025-08-18 13:21:00,1319.6,757,2025-08-18 15:29:00,1330.0,7872.800000000068,0.007872800000000069,EOD_SquareOff
2025-08-19,MARUTI,LONG,2025-08-19 11:27:00,14106.0,70,2025-08-19 15:29:00,14235.0,9030.0,0.00903,EOD_SquareOff
2025-08-19,M&M,LONG,2025-08-19 11:28:00,3384.4,295,2025-08-19 13:35:00,3367.478,-4991.990000000007,-0.004991990000000007,StopLoss
2025-08-19,VEDL,LONG,2025-08-19 11:39:00,449.05,2226,2025-08-19 15:29:00,449.95,2003.3999999999494,0.0020033999999999495,EOD_SquareOff
2025-08-19,RELIANCE,LONG,2025-08-19 11:52:00,1412.9,707,2025-08-19 15:29:00,1421.0,5726.699999999935,0.005726699999999935,EOD_SquareOff
2025-08-19,WAAREEENER,LONG,2025-08-19 12:11:00,3074.0,325,2025-08-19 13:04:00,3058.63,-4995.2499999999645,-0.004995249999999964,StopLoss
2025-08-19,ICICIBANK,LONG,2025-08-19 12:16:00,1435.9,696,2025-08-19 15:29:00,1436.0,69.5999999999367,6.95999999999367e-05,EOD_SquareOff
2025-08-19,HDFCBANK,LONG,2025-08-19 12:20:00,2002.6,499,2025-08-19 13:41:00,1992.587,-4996.48699999996,-0.00499648699999996,StopLoss
2025-08-19,OLAELEC,LONG,2025-08-19 12:46:00,44.2,22624,2025-08-19 12:51:00,44.464,5972.735999999904,0.005972735999999905,TrailingSL
2025-08-19,OLAELEC,LONG,2025-08-19 13:00:00,44.87,22286,2025-08-19 13:05:00,45.0595,4223.197000000055,0.004223197000000054,TrailingSL
2025-08-19,OLAELEC,LONG,2025-08-19 13:11:00,45.4,22026,2025-08-19 13:11:00,45.173,-4999.901999999928,-0.0049999019999999285,StopLoss
2025-08-19,OLAELEC,LONG,2025-08-19 13:16:00,45.4,22026,2025-08-19 13:19:00,45.173,-4999.901999999928,-0.0049999019999999285,StopLoss
2025-08-19,OLAELEC,LONG,2025-08-19 13:26:00,45.4,22026,2025-08-19 13:30:00,45.35725000000001,-941.6114999998009,-0.0009416114999998009,TrailingSL
2025-08-19,OLAELEC,LONG,2025-08-19 13:47:00,45.07,22187,2025-08-19 13:50:00,44.84465,-4999.840449999974,-0.004999840449999974,StopLoss
2025-08-19,HDFCBANK,SHORT,2025-08-19 13:57:00,1990.0,502,2025-08-19 15:29:00,1990.0,0.0,0.0,EOD_SquareOff
2025-08-19,OLAELEC,LONG,2025-08-19 14:02:00,45.1,22172,2025-08-19 14:04:00,44.874500000000005,-4999.785999999927,-0.004999785999999927,StopLoss
2025-08-19,BHARTIARTL,SHORT,2025-08-19 14:06:00,1906.3,524,2025-08-19 15:29:00,1912.9,-3458.4000000000715,-0.0034584000000000715,EOD_SquareOff
2025-08-19,OLAELEC,LONG,2025-08-19 14:32:00,45.1,22172,2025-08-19 14:34:00,44.999950000000005,-2218.3085999999107,-0.002218308599999911,TrailingSL
2025-08-19,M&M,SHORT,2025-08-19 14:46:00,3350.0,298,2025-08-19 15:29:00,3357.0,-2086.0,-0.002086,EOD_SquareOff
2025-08-20,BEL,SHORT,2025-08-20 11:26:00,374.5,2670,2025-08-20 15:29:00,371.8,7208.99999999997,0.00720899999999997,EOD_SquareOff
2025-08-20,GODFRYPHLP,LONG,2025-08-20 11:26:00,10925.0,91,2025-08-20 11:51:00,10870.375,-4970.875,-0.004970875,StopLoss
2025-08-20,HAL,SHORT,2025-08-20 11:26:00,4512.8,221,2025-08-20 15:29:00,4470.0,9458.80000000004,0.00945880000000004,EOD_SquareOff
2025-08-20,ETERNAL,LONG,2025-08-20 11:30:00,329.4,3035,2025-08-20 12:07:00,328.86487500000004,-1624.1043749998082,-0.0016241043749998082,TrailingSL
2025-08-20,HCLTECH,LONG,2025-08-20 11:30:00,1477.6,676,2025-08-20 15:29:00,1496.0,12438.400000000061,0.012438400000000061,EOD_SquareOff
2025-08-20,OLAELEC,LONG,2025-08-20 11:35:00,50.97,19619,2025-08-20 11:45:00,51.004575,678.3269250000745,0.0006783269250000745,TrailingSL
2025-08-20,DABUR,LONG,2025-08-20 11:36:00,527.2,1896,2025-08-20 15:29:00,533.95,12798.0,0.012798,EOD_SquareOff
2025-08-20,OLAELEC,LONG,2025-08-20 11:51:00,51.39,19459,2025-08-20 11:52:00,51.13305,-4999.990050000065,-0.004999990050000065,StopLoss
2025-08-20,GODFRYPHLP,LONG,2025-08-20 12:02:00,10919.0,91,2025-08-20 12:05:00,10864.405,-4968.14499999994,-0.00496814499999994,StopLoss
2025-08-20,GODFRYPHLP,LONG,2025-08-20 12:10:00,10920.0,91,2025-08-20 13:00:00,10964.147500000001,4017.422500000086,0.004017422500000086,TrailingSL
2025-08-20,OLAELEC,LONG,2025-08-20 12:18:00,51.24,19516,2025-08-20 12:21:00,51.441275,3928.0828999999108,0.003928082899999911,TrailingSL
2025-08-20,BHARTIARTL,SHORT,2025-08-20 12:36:00,1926.1,519,2025-08-20 15:29:00,1930.0,-2024.1000000000472,-0.0020241000000000473,EOD_SquareOff
2025-08-20,OLAELEC,LONG,2025-08-20 13:00:00,51.49,19421,2025-08-20 13:09:00,51.23255,-4999.936449999973,-0.004999936449999973,StopLoss
2025-08-20,GODFRYPHLP,LONG,2025-08-20 13:11:00,11128.0,89,2025-08-20 13:11:00,11072.36,-4951.959999999948,-0.004951959999999948,StopLoss
2025-08-20,GODFRYPHLP,LONG,2025-08-20 13:23:00,11229.5,89,2025-08-20 13:23:00,11256.935000000001,2441.7150000001166,0.0024417150000001163,TrailingSL
2025-08-20,GODFRYPHLP,LONG,2025-08-20 13:29:00,11421.0,87,2025-08-20 13:33:00,11363.895,-4968.134999999962,-0.004968134999999962,StopLoss
2025-08-20,M&M,LONG,2025-08-20 13:50:00,3390.0,294,2025-08-20 15:29:00,3392.0,588.0,0.000588,EOD_SquareOff
2025-08-20,OLAELEC,LONG,2025-08-20 14:06:00,51.65,19361,2025-08-20 14:08:00,51.39175,-4999.978249999937,-0.004999978249999937,StopLoss
2025-08-20,OLAELEC,LONG,2025-08-20 14:17:00,51.68,19349,2025-08-20 14:25:00,51.4216,-4999.781600000034,-0.004999781600000034,StopLoss
2025-08-20,OLAELEC,LONG,2025-08-20 14:38:00,51.48,19425,2025-08-20 14:54:00,51.471050000000005,-173.85374999983637,-0.00017385374999983637,TrailingSL
2025-08-20,OLAELEC,LONG,2025-08-20 15:00:00,51.9,19267,2025-08-20 15:02:00,51.98715000000001,1679.1190500001594,0.0016791190500001594,TrailingSL
2025-08-20,OLAELEC,LONG,2025-08-20 15:06:00,53.43,18716,2025-08-20 15:06:00,53.386575,-812.7422999999842,-0.0008127422999999843,TrailingSL
2025-08-20,OLAELEC,LONG,2025-08-20 15:18:00,53.79,18590,2025-08-20 15:18:00,53.52105,-4999.780499999939,-0.004999780499999939,StopLoss
2025-08-21,TCS,LONG,2025-08-21 11:26:00,3117.4,320,2025-08-21 15:10:00,3101.813,-4987.8399999999965,-0.004987839999999997,StopLoss
2025-08-21,INFY,LONG,2025-08-21 11:26:00,1501.0,666,2025-08-21 15:29:00,1495.0,-3996.0,-0.003996,EOD_SquareOff
2025-08-21,OLAELEC,SHORT,2025-08-21 11:28:00,49.22,20316,2025-08-21 11:32:00,49.065250000000006,3143.9009999998543,0.0031439009999998544,TrailingSL
2025-08-21,CLEAN,LONG,2025-08-21 11:32:00,1170.2,854,2025-08-21 12:02:00,1164.349,-4996.754000000096,-0.004996754000000096,StopLoss
2025-08-21,WAAREEENER,LONG,2025-08-21 11:36:00,3250.0,307,2025-08-21 12:39:00,3269.295,5923.565000000022,0.005923565000000022,TrailingSL
2025-08-21,HDFCBANK,LONG,2025-08-21 12:32:00,1993.5,501,2025-08-21 15:29:00,1990.9,-1302.5999999999544,-0.0013025999999999544,EOD_SquareOff
2025-08-21,CLEAN,LONG,2025-08-21 12:38:00,1172.0,853,2025-08-21 12:45:00,1166.14,-4998.579999999914,-0.004998579999999915,StopLoss
2025-08-21,CLEAN,LONG,2025-08-21 14:46:00,1188.5,841,2025-08-21 14:51:00,1182.5575,-4997.642500000092,-0.004997642500000092,StopLoss
2025-08-21,JWL,SHORT,2025-08-21 14:56:00,347.25,2879,2025-08-21 15:01:00,347.789,-1551.7809999999633,-0.0015517809999999633,TrailingSL
2025-08-21,JWL,SHORT,2025-08-21 15:06:00,344.65,2901,2025-08-21 15:08:00,346.3732499999999,-4999.1482499998565,-0.004999148249999857,StopLoss
2025-08-21,SWIGGY,LONG,2025-08-21 15:09:00,437.2,2287,2025-08-21 15:21:00,435.014,-4999.381999999951,-0.0049993819999999516,StopLoss
2025-08-21,GODFRYPHLP,LONG,2025-08-21 15:15:00,11171.0,89,2025-08-21 15:15:00,11115.145,-4971.094999999961,-0.004971094999999961,StopLoss
2025-08-21,JWL,SHORT,2025-08-21 15:16:00,344.65,2901,2025-08-21 15:16:00,342.7515,5507.548499999872,0.0055075484999998715,TrailingSL
2025-08-21,GODFRYPHLP,LONG,2025-08-21 15:16:00,11190.0,89,2025-08-21 15:23:00,11134.05,-4979.550000000065,-0.004979550000000065,StopLoss
2025-08-21,OLAELEC,SHORT,2025-08-21 15:18:00,48.75,20512,2025-08-21 15:29:00,48.75,0.0,0.0,EOD_SquareOff
2025-08-22,HDFCBANK,SHORT,2025-08-22 11:26:00,1965.0,508,2025-08-22 15:29:00,1965.5,-254.0,-0.000254,EOD_SquareOff
2025-08-22,TITAGARH,SHORT,2025-08-22 11:28:00,844.1,1184,2025-08-22 11:32:00,848.3204999999999,-4997.071999999884,-0.004997071999999884,StopLoss
2025-08-22,SWIGGY,LONG,2025-08-22 11:36:00,433.0,2309,2025-08-22 13:18:00,430.835,-4998.985000000047,-0.004998985000000047,StopLoss
2025-08-22,ICICIBANK,LONG,2025-08-22 11:36:00,1436.8,695,2025-08-22 15:29:00,1435.9,-625.4999999999052,-0.0006254999999999052,EOD_SquareOff
2025-08-22,TITAGARH,SHORT,2025-08-22 11:36:00,845.0,1183,2025-08-22 11:42:00,849.2249999999999,-4998.174999999892,-0.004998174999999892,StopLoss
2025-08-22,LEMONTREE,SHORT,2025-08-22 11:37:00,166.76,5996,2025-08-22 11:50:00,167.59379999999996,-4999.464799999809,-0.004999464799999809,StopLoss
2025-08-22,VEDL,SHORT,2025-08-22 11:42:00,444.2,2251,2025-08-22 15:29:00,444.5,-675.3000000000256,-0.0006753000000000257,EOD_SquareOff
2025-08-22,PGEL,LONG,2025-08-22 11:51:00,573.0,1745,2025-08-22 11:59:00,570.135,-4999.425000000016,-0.004999425000000016,StopLoss
2025-08-22,BSE,SHORT,2025-08-22 12:16:00,2310.0,432,2025-08-22 12:45:00,2321.5499999999997,-4989.599999999882,-0.004989599999999882,StopLoss
2025-08-22,OLAELEC,SHORT,2025-08-22 12:28:00,47.65,20986,2025-08-22 12:48:00,47.765575,-2425.456949999995,-0.0024254569499999948,TrailingSL
2025-08-22,OLAELEC,SHORT,2025-08-22 14:26:00,47.36,21114,2025-08-22 14:42:00,47.41295,-1117.9863000000573,-0.0011179863000000574,TrailingSL
2025-08-25,MAZDOCK,SHORT,2025-08-25 11:26:00,2745.0,364,2025-08-25 12:32:00,2758.725,-4995.899999999967,-0.004995899999999967,StopLoss
2025-08-25,YESBANK,SHORT,2025-08-25 11:27:00,19.64,50916,2025-08-25 15:29:00,19.61,1527.4800000000578,0.0015274800000000578,EOD_SquareOff
2025-08-25,HDFCBANK,LONG,2025-08-25 11:33:00,1969.7,507,2025-08-25 15:29:00,1969.2,-253.5,-0.0002535,EOD_SquareOff
2025-08-25,INFY,LONG,2025-08-25 11:45:00,1535.2,651,2025-08-25 14:38:00,1527.5240000000001,-4997.0759999999555,-0.004997075999999955,StopLoss
2025-08-25,ETERNAL,LONG,2025-08-25 11:46:00,321.8,3107,2025-08-25 13:24:00,320.19100000000003,-4999.1629999999395,-0.004999162999999939,StopLoss
2025-08-25,TCS,LONG,2025-08-25 11:51:00,3147.1,317,2025-08-25 15:29:00,3142.1,-1585.0,-0.001585,EOD_SquareOff
2025-08-25,OLAELEC,LONG,2025-08-25 12:07:00,48.49,20622,2025-08-25 12:23:00,48.247550000000004,-4999.80389999996,-0.00499980389999996,StopLoss
2025-08-25,OLAELEC,LONG,2025-08-25 12:56:00,48.47,20631,2025-08-25 13:46:00,48.821075,7243.028325000033,0.007243028325000033,TrailingSL
2025-08-25,OLAELEC,LONG,2025-08-25 13:57:00,49.05,20387,2025-08-25 14:16:00,48.80475,-4999.911749999972,-0.004999911749999972,StopLoss
2025-08-25,WAAREEENER,LONG,2025-08-25 14:26:00,3182.0,314,2025-08-25 14:29:00,3166.09,-4995.739999999954,-0.004995739999999954,StopLoss
2025-08-25,OLAELEC,LONG,2025-08-25 14:28:00,48.97,20420,2025-08-25 14:37:00,48.72515,-4999.836999999991,-0.004999836999999991,StopLoss
2025-08-25,BSE,SHORT,2025-08-25 15:18:00,2287.0,437,2025-08-25 15:29:00,2291.0,-1748.0,-0.001748,EOD_SquareOff
2025-08-26,VMM,SHORT,2025-08-26 11:26:00,148.4,6738,2025-08-26 12:53:00,147.608825,5330.937150000065,0.005330937150000065,TrailingSL
2025-08-26,WAAREEENER,LONG,2025-08-26 11:28:00,3214.5,311,2025-08-26 11:30:00,3198.4275,-4998.547500000068,-0.004998547500000068,StopLoss
2025-08-26,BSE,SHORT,2025-08-26 11:38:00,2233.9,447,2025-08-26 15:29:00,2218.9,6705.0,0.006705,EOD_SquareOff
2025-08-26,WAAREEENER,LONG,2025-08-26 11:48:00,3202.5,312,2025-08-26 12:11:00,3186.4875,-4995.899999999943,-0.004995899999999943,StopLoss
2025-08-26,WAAREEENER,SHORT,2025-08-26 13:17:00,3124.1,320,2025-08-26 13:38:00,3139.7204999999994,-4998.559999999852,-0.0049985599999998525,StopLoss
2025-08-26,WAAREEENER,SHORT,2025-08-26 13:46:00,3129.2,319,2025-08-26 14:00:00,3144.8459999999995,-4991.073999999914,-0.004991073999999914,StopLoss
2025-08-26,ETERNAL,LONG,2025-08-26 13:48:00,320.95,3115,2025-08-26 14:11:00,319.34524999999996,-4998.796250000075,-0.004998796250000075,StopLoss
2025-08-26,VMM,LONG,2025-08-26 14:46:00,150.76,6633,2025-08-26 14:48:00,150.00619999999998,-4999.955400000083,-0.004999955400000083,StopLoss
2025-08-26,WAAREEENER,LONG,2025-08-26 14:56:00,3184.0,314,2025-08-26 14:59:00,3168.08,-4998.880000000023,-0.004998880000000023,StopLoss
2025-08-26,VMM,LONG,2025-08-26 15:00:00,150.9,6626,2025-08-26 15:00:00,150.1455,-4999.317000000048,-0.004999317000000048,StopLoss
2025-08-26,VEDL,SHORT,2025-08-26 15:06:00,428.2,2335,2025-08-26 15:29:00,428.45,-583.75,-0.00058375,EOD_SquareOff
2025-08-26,VMM,LONG,2025-08-26 15:06:00,153.44,6517,2025-08-26 15:06:00,153.57945,908.7956500000699,0.0009087956500000699,TrailingSL
2025-08-26,WAAREEENER,LONG,2025-08-26 15:06:00,3219.8,310,2025-08-26 15:10:00,3269.295,15343.449999999966,0.015343449999999967,TrailingSL
2025-08-26,WAAREEENER,LONG,2025-08-26 15:22:00,3300.0,303,2025-08-26 15:29:00,3321.0,6363.0,0.006363,EOD_SquareOff
2025-08-26,BLS,SHORT,2025-08-26 15:24:00,371.45,2692,2025-08-26 15:29:00,370.0,3903.3999999999696,0.0039033999999999697,EOD_SquareOff
2025-08-28,HINDUNILVR,SHORT,2025-08-28 11:26:00,2673.0,374,2025-08-28 15:29:00,2653.8,7180.799999999932,0.007180799999999932,EOD_SquareOff
2025-08-28,HEROMOTOCO,LONG,2025-08-28 11:28:00,5170.7,193,2025-08-28 12:48:00,5144.8465,-4989.725500000032,-0.004989725500000032,StopLoss
2025-08-28,HDFCBANK,LONG,2025-08-28 11:35:00,971.5,1029,2025-08-28 12:18:00,966.6425,-4998.3674999999575,-0.004998367499999957,StopLoss
2025-08-28,INDIGO,SHORT,2025-08-28 11:56:00,5752.5,173,2025-08-28 12:29:00,5753.8325,-230.52250000007552,-0.00023052250000007554,TrailingSL
2025-08-28,OLAELEC,LONG,2025-08-28 11:56:00,55.09,18152,2025-08-28 11:59:00,54.814550000000004,-4999.968399999987,-0.004999968399999987,StopLoss
2025-08-28,OLAELEC,LONG,2025-08-28 12:16:00,54.99,18185,2025-08-28 12:18:00,54.715050000000005,-4999.965749999944,-0.0049999657499999435,StopLoss
2025-08-28,OLAELEC,LONG,2025-08-28 12:37:00,55.0,18181,2025-08-28 12:53:00,55.470825000000005,8560.06932500009,0.00856006932500009,TrailingSL
2025-08-28,OLAELEC,LONG,2025-08-28 12:56:00,56.0,17857,2025-08-28 12:57:00,55.72,-4999.96000000002,-0.00499996000000002,StopLoss
2025-08-28,WAAREEENER,LONG,2025-08-28 13:16:00,3361.0,297,2025-08-28 14:17:00,3428.2200000000003,19964.340000000077,0.019964340000000077,Target
2025-08-28,OLAELEC,LONG,2025-08-28 13:31:00,55.56,17998,2025-08-28 14:00:00,55.77850000000001,3932.5630000001065,0.003932563000000107,TrailingSL
2025-08-28,OLAELEC,LONG,2025-08-28 14:17:00,55.78,17927,2025-08-28 14:36:00,55.6594,-2161.9962000000564,-0.0021619962000000562,TrailingSL
2025-08-28,WAAREEENER,LONG,2025-08-28 14:40:00,3434.9,291,2025-08-28 14:52:00,3417.7255,-4997.779500000023,-0.004997779500000023,StopLoss
2025-08-28,INDIGO,SHORT,2025-08-28 14:56:00,5722.0,174,2025-08-28 15:29:00,5734.5,-2175.0,-0.002175,EOD_SquareOff
2025-08-28,HEROMOTOCO,SHORT,2025-08-28 14:58:00,5106.6,195,2025-08-28 15:29:00,5106.6,0.0,0.0,EOD_SquareOff
2025-08-28,WAAREEENER,LONG,2025-08-28 15:05:00,3437.1,290,2025-08-28 15:06:00,3419.9145,-4983.795000000014,-0.004983795000000014,StopLoss
2025-08-28,RELIANCE,LONG,2025-08-28 15:25:00,1391.0,718,2025-08-28 15:29:00,1390.9,-71.7999999999347,-7.17999999999347e-05,EOD_SquareOff
